cluster,size,mean_e_hull,refs_inside
0,31,0.09551612903225805,
1,178,0.10286516853932585,"alpha,beta,gamma"
2,30,0.16196666666666668,
