cluster,size,mean_e_hull,refs_inside
-1,16,0.11424999999999999,
0,31,0.07925806451612903,
1,33,0.11181818181818182,
2,63,0.12828571428571428,beta
3,12,0.15591666666666668,
4,25,0.07116,
5,10,0.0451,gamma
6,17,0.13047058823529412,
7,22,0.18581818181818177,
8,12,0.24874999999999994,alpha
