cluster,size,mean_e_hull,refs_inside
-1,7,0.09028571428571429,alpha
0,7,0.10542857142857143,beta
1,4,0.20400000000000001,
