cluster,size,mean_e_hull,refs_inside
-1,83,0.12272289156626504,gamma
0,29,0.19434482758620691,alpha
1,18,0.05144444444444444,
2,25,0.10891999999999999,
3,11,0.136,
4,17,0.1434705882352941,
5,42,0.1113095238095238,
6,11,0.10245454545454545,
7,22,0.07290909090909091,beta
