cluster,size,mean_e_hull,std_e_hull,min_e_hull,min_e_hull_gen_id,min_e_hull_mattergen_id,min_e_hull_directory
-1,83,0.12272289156626504,0.08812413386781227,0.02,gen_3823,mattergen-656,9-3
0,29,0.19434482758620691,0.09121829666059288,0.067,gen_8018,mattergen-719,9-3
1,18,0.05144444444444444,0.027667112892430054,0.02,gen_190,mattergen-54,9-0
2,25,0.10891999999999999,0.08201020424313063,0.031,gen_3167,mattergen-989,9-0
3,11,0.136,0.04324139430936729,0.064,gen_564,mattergen-1359,9-0
4,17,0.1434705882352941,0.04751608724119446,0.095,gen_9055,mattergen-1279,9-1
5,42,0.1113095238095238,0.05569153483388831,0.038,gen_7340,mattergen-1115,9-1
6,11,0.10245454545454545,0.04367309060480156,0.028,gen_3796,mattergen-1358,9-0
7,22,0.07290909090909091,0.03772256268517808,0.017,gen_6500,mattergen-1036,9-0
