cluster,size,mean_e_hull,refs_inside
-1,28,0.12332142857142855,beta
0,37,0.10986486486486488,
1,17,0.0828235294117647,
2,39,0.17092307692307693,
3,15,0.18526666666666666,
4,13,0.05523076923076923,
5,23,0.10447826086956521,
6,13,0.06953846153846154,
7,29,0.05289655172413792,gamma
8,15,0.09740000000000001,
9,12,0.14866666666666667,alpha
10,16,0.25918749999999996,
