cluster,size,mean_e_hull,refs_inside
-1,20,0.13989999999999997,
0,20,0.047,
1,12,0.003333333333333334,
2,39,0.12720512820512822,
3,186,0.1069301075268817,"alpha,beta,P1a1,P12a1,ambient,560,890,1250"
4,71,0.13653521126760562,
5,39,0.1574102564102564,
6,13,0.2027692307692308,
7,12,0.15558333333333332,
8,25,0.13112,
9,19,0.1702631578947368,
10,18,0.12355555555555557,
