cluster,size,mean_e_hull,refs_inside
-1,18,0.126,
0,16,0.1795625,
1,17,0.19158823529411764,
2,34,0.07879411764705883,beta
3,18,0.04922222222222222,
4,21,0.11376190476190476,
5,20,0.1395,
6,32,0.07262500000000001,"alpha,gamma"
7,17,0.11305882352941177,
8,28,0.12392857142857143,
9,43,0.11220930232558138,
