cluster,size,mean_e_hull,refs_inside
-1,30,0.0881,
0,15,0.06326666666666667,
1,10,0.051900000000000016,
2,39,0.11133333333333333,
3,41,0.14009756097560974,
4,12,0.15375,
5,13,0.15776923076923077,
6,35,0.08142857142857142,beta
7,63,0.10749206349206349,"alpha,gamma"
