cluster,size,mean_e_hull,std_e_hull,min_e_hull,min_e_hull_gen_id,min_e_hull_mattergen_id,min_e_hull_directory
-1,30,0.0881,0.05252767524521399,0.037,gen_6682,mattergen-13,5-1
0,15,0.06326666666666667,0.04214493511153571,0.03,gen_6042,mattergen-24,5-1
1,10,0.051900000000000016,0.040562174497923556,0.031,gen_6892,mattergen-249,5-1
2,39,0.11133333333333333,0.06207412167076213,0.037,gen_9369,mattergen-793,5-2
3,41,0.14009756097560974,0.05279911532797698,0.062,gen_8652,mattergen-669,5-1
4,12,0.15375,0.05469174983486998,0.066,gen_8341,mattergen-826,5-2
5,13,0.15776923076923077,0.032050810252937795,0.13,gen_7150,mattergen-306,5-1
6,35,0.08142857142857142,0.0458546060713554,0.017,gen_0,mattergen-344,5-2
7,63,0.10749206349206349,0.07258664729537569,0.02,gen_2746,mattergen-1066,5-1
