mattergen_id,gen_id,e_hull,cluster,umap_x,umap_y,sim_alpha,dist_alpha,rank_alpha,sim_beta,dist_beta,rank_beta,sim_gamma,dist_gamma,rank_gamma,nearest_ref,nearest_ref_sim,nearest_ref_dist
mattergen-960,gen_1442,0.017,20,10.916296005249023,9.042414665222168,0.9995998292595012,0.0004001707404988,1344,0.999896075828984,0.000103924171016,27,0.9998178719748382,0.0001821280251618,930,beta,0.999896075828984,0.000103924171016
mattergen-231,gen_6302,0.02,16,4.818358421325684,9.372754096984863,0.9998095249039968,0.0001904750960031,632,0.9994495684679978,0.0005504315320021,690,0.9999430541846612,5.694581533888243e-05,248,gamma,0.9999430541846612,5.694581533888243e-05
mattergen-1255,gen_435,0.02,15,3.1478865146636963,13.173979759216309,0.9998744642233108,0.0001255357766892,276,0.9995316224959022,0.0004683775040977,459,0.9999828383456146,1.7161654385366987e-05,28,gamma,0.9999828383456146,1.7161654385366987e-05
mattergen-178,gen_5507,0.024,-1,1.608426570892334,-5.935000896453857,0.999481477066678,0.0005185229333221,1520,0.9999306484450892,6.935155491083478e-05,11,0.999746016486884,0.000253983513116,1146,beta,0.9999306484450892,6.935155491083478e-05
mattergen-240,gen_2348,0.025,20,8.599794387817383,9.300048828125,0.9997833929051674,0.0002166070948326,781,0.9997170728700512,0.0002829271299487,180,0.9999550232415224,4.497675847769944e-05,151,gamma,0.9999550232415224,4.497675847769944e-05
mattergen-1749,gen_3490,0.028,20,7.808318614959717,7.390193462371826,0.9997506252260924,0.0002493747739077,917,0.9996294311617036,0.0003705688382963,254,0.9999336183378618,6.638166213823737e-05,329,gamma,0.9999336183378618,6.638166213823737e-05
mattergen-1086,gen_2140,0.029,-1,1.5793251991271973,-5.968306064605713,0.9993342435236632,0.0006657564763367,1659,0.9998517709035176,0.0001482290964822,46,0.9996327476789608,0.0003672523210392,1452,beta,0.9998517709035176,0.0001482290964822
mattergen-1428,gen_643,0.03,9,20.18392944335937,1.897802233695984,0.996937487432036,0.003062512567964,2445,0.9974188889406876,0.0025811110593123,2414,0.9974522557005282,0.0025477442994717,2431,gamma,0.9974522557005282,0.0025477442994717
