pair,rmsd,max_displacement
alpha vs gen_6302,,
beta vs gen_6302,0.6144320895856362,1.1163493675861849
gamma vs gen_6302,0.5186668933717524,0.9652625283486521
