pair,rmsd,max_displacement
alpha vs gen_1442,,
beta vs gen_1442,0.6374418383119991,1.0923967700359287
gamma vs gen_1442,0.5095678688806384,0.9000897540354872
