pair,rmsd,max_displacement
gen_6302 vs gen_435,0.22036106755575377,0.4847503487800096
