pair,rmsd,max_displacement
alpha vs gen_435,,
beta vs gen_435,0.653856047101358,1.215527687324073
gamma vs gen_435,0.5505099126808274,1.2725247819180108
