pair,rmsd,max_displacement
gen_3621 vs gen_5853,0.5819464347028765,0.8986741142382647
gen_3621 vs gen_1595,,
gen_5853 vs gen_1595,0.4040286794422901,0.7752247298759048
