pair,rmsd,max_displacement
gen_5853 vs gen_1595,0.4040286794422901,0.7752247298759048
gen_5853 vs gen_1871,0.43555709066785425,0.7359684371640526
gen_1595 vs gen_1871,0.358627796837864,0.576597272310366
