cluster,size,mean_e_hull,refs_inside
-1,8,0.1305,alpha
0,17,0.19552941176470587,
1,19,0.1550526315789474,
2,25,0.14156000000000002,
3,24,0.13133333333333333,
4,11,0.14118181818181819,
5,28,0.05353571428571429,gamma
6,27,0.06785185185185186,beta
7,19,0.09131578947368421,
8,20,0.13055,
9,12,0.07066666666666667,
10,55,0.0958909090909091,
