cluster,size,mean_e_hull,refs_inside
-1,12,0.12174999999999998,
0,17,0.07741176470588235,
1,18,0.06916666666666667,
2,83,0.14720481927710843,
3,26,0.16226923076923078,
4,51,0.0635686274509804,"alpha,gamma"
5,15,0.1164,
6,18,0.1471666666666667,
7,41,0.09221951219512195,beta
8,14,0.07535714285714286,
9,17,0.14341176470588235,
