cluster,size,mean_e_hull,refs_inside
-1,33,0.11912121212121213,
0,31,0.07509677419354839,
1,15,0.1672666666666667,
2,11,0.07999999999999999,
3,26,0.11576923076923079,
4,29,0.07955172413793105,beta
5,32,0.0915,
6,26,0.14546153846153848,
7,28,0.05389285714285714,
8,28,0.11042857142857143,gamma
9,11,0.19236363636363632,
10,16,0.2018125,alpha
