cluster,size,mean_e_hull,refs_inside
-1,3,0.14733333333333334,alpha
0,34,0.0805,
1,47,0.062000000000000006,"beta,gamma"
2,11,0.1929090909090909,
3,48,0.14077083333333335,
4,12,0.12374999999999999,
5,10,0.185,
