cluster,size,mean_e_hull,std_e_hull,min_e_hull,min_e_hull_gen_id,min_e_hull_mattergen_id,min_e_hull_directory
-1,3,0.14733333333333334,0.0437594434252641,0.092,gen_6240,mattergen-562,3-2
0,34,0.0805,0.06384275259435114,0.03,gen_8423,mattergen-55,3-0
1,47,0.062000000000000006,0.0348388386840185,0.017,gen_6488,mattergen-1005,3-0
2,11,0.1929090909090909,0.09327033489754837,0.114,gen_9128,mattergen-909,3-0
3,48,0.14077083333333335,0.09295098161202435,0.052,gen_3887,mattergen-803,3-2
4,12,0.12374999999999999,0.052657897476700175,0.053,gen_3340,mattergen-1329,3-2
5,10,0.185,0.0957423626196889,0.099,gen_6940,mattergen-121,3-0
